时间,温度,压力,薄膜压力,ROI平均温度,张力,线速度,ABB_X,ABB_Y,ABB_Z,温度1,温度2,温度3,温度4,温度5,温度6,温度7,温度8,initial_compaction_force_N,placement_speed_mm_s,pid_angle_deg,temperature_setpoint_C,run_id,specimen_id,condition_id,replicate,layer_id
0.0,356.0,400.0,0.45,352.3973,83.5,80.0,100.0,30.0,220.5,351.1198,352.2384,353.3546,354.4673,355.5753,356.6776,357.7731,358.8608,400.0,80.0,5.0,360.0,SYNTHETIC_VALIDATION,SYNTHETIC_ONLY,SYNTHETIC_10HZ,1,0
0.1,356.1249,400.2,0.44996,352.4948,83.4998,80.01,100.02,30.005,220.5,351.1793,352.2969,353.4115,354.522,355.6272,356.7262,357.818,358.9015,400.0,80.0,5.0,360.0,SYNTHETIC_VALIDATION,SYNTHETIC_ONLY,SYNTHETIC_10HZ,1,0
0.2,356.2496,400.3998,0.44985,352.591,83.4992,80.02,100.04,30.01,220.4999,351.2384,352.3546,353.4673,354.5753,355.6776,356.7731,357.8608,358.94,400.0,80.0,5.0,360.0,SYNTHETIC_VALIDATION,SYNTHETIC_ONLY,SYNTHETIC_10HZ,1,0
0.3,356.3736,400.5994,0.44966,352.6858,83.4981,80.03,100.06,30.015,220.4998,351.2969,352.4115,353.522,354.6272,355.7262,356.818,357.9015,358.9761,400.0,80.0,5.0,360.0,SYNTHETIC_VALIDATION,SYNTHETIC_ONLY,SYNTHETIC_10HZ,1,0
0.4,356.4967,400.7987,0.4494,352.7788,83.4967,80.04,100.08,30.02,220.4996,351.3546,352.4673,353.5753,354.6776,355.7731,356.8608,357.94,359.0098,400.0,80.0,5.0,360.0,SYNTHETIC_VALIDATION,SYNTHETIC_ONLY,SYNTHETIC_10HZ,1,0
0.5,356.6185,400.9974,0.44907,352.8699,83.4948,80.05,100.1,30.025,220.4994,351.4115,352.522,353.6272,354.7262,355.818,356.9015,357.9761,359.0409,400.0,80.0,5.0,360.0,SYNTHETIC_VALIDATION,SYNTHETIC_ONLY,SYNTHETIC_10HZ,1,0
0.6,356.7388,401.1955,0.44866,352.9589,83.4925,80.0599,100.12,30.03,220.4991,351.4673,352.5753,353.6776,354.7731,355.8608,356.94,358.0098,359.0694,400.0,80.0,5.0,360.0,SYNTHETIC_VALIDATION,SYNTHETIC_ONLY,SYNTHETIC_10HZ,1,0
0.7,356.8572,401.3929,0.44818,353.0454,83.4898,80.0699,100.14,30.035,220.4988,351.522,352.6272,353.7262,354.818,355.9015,356.9761,358.0409,359.0953,400.0,80.0,5.0,360.0,SYNTHETIC_VALIDATION,SYNTHETIC_ONLY,SYNTHETIC_10HZ,1,0
0.8,356.9735,401.5894,0.44763,353.1293,83.4867,80.0799,100.16,30.04,220.4984,351.5753,352.6776,353.7731,354.8608,355.94,357.0098,358.0694,359.1184,400.0,80.0,5.0,360.0,SYNTHETIC_VALIDATION,SYNTHETIC_ONLY,SYNTHETIC_10HZ,1,0
0.9,357.0874,401.7849,0.44701,353.2104,83.4832,80.0898,100.18,30.0449,220.498,351.6272,352.7262,353.818,354.9015,355.9761,357.0409,358.0953,359.1388,400.0,80.0,5.0,360.0,SYNTHETIC_VALIDATION,SYNTHETIC_ONLY,SYNTHETIC_10HZ,1,0
1.0,357.1986,401.9792,0.44633,353.2884,83.4792,80.0997,100.2,30.0499,220.4975,351.6776,352.7731,353.8608,354.94,356.0098,357.0694,358.1184,359.1563,400.0,80.0,5.0,360.0,SYNTHETIC_VALIDATION,SYNTHETIC_ONLY,SYNTHETIC_10HZ,1,0
1.1,357.3067,402.1724,0.44558,353.3633,83.4749,80.1097,100.22,30.0549,220.497,351.7262,352.818,353.9015,354.9761,356.0409,357.0953,358.1388,359.1709,400.0,80.0,5.0,360.0,SYNTHETIC_VALIDATION,SYNTHETIC_ONLY,SYNTHETIC_10HZ,1,0
1.2,357.4116,402.3642,0.44476,353.4347,83.4701,80.1196,100.24,30.0599,220.4964,351.7731,352.8608,353.94,355.0098,356.0694,357.1184,358.1563,359.1825,400.0,80.0,5.0,360.0,SYNTHETIC_VALIDATION,SYNTHETIC_ONLY,SYNTHETIC_10HZ,1,0
1.3,357.513,402.5545,0.44388,353.5026,83.4649,80.1294,100.26,30.0648,220.4958,351.818,352.9015,353.9761,355.0409,356.0953,357.1388,358.1709,359.1913,400.0,80.0,5.0,360.0,SYNTHETIC_VALIDATION,SYNTHETIC_ONLY,SYNTHETIC_10HZ,1,0
1.4,357.6105,402.7432,0.44295,353.5667,83.4594,80.1393,100.28,30.0698,220.4951,351.8608,352.94,354.0098,355.0694,356.1184,357.1563,358.1825,359.197,400.0,80.0,5.0,360.0,SYNTHETIC_VALIDATION,SYNTHETIC_ONLY,SYNTHETIC_10HZ,1,0
1.5,357.7041,402.9302,0.44195,353.6268,83.4534,80.1491,100.3,30.0747,220.4944,351.9015,352.9761,354.0409,355.0953,356.1388,357.1709,358.1913,359.1997,400.0,80.0,5.0,360.0,SYNTHETIC_VALIDATION,SYNTHETIC_ONLY,SYNTHETIC_10HZ,1,0
1.6,357.7934,403.1153,0.4409,353.6829,83.447,80.1589,100.32,30.0797,220.4936,351.94,353.0098,354.0694,355.1184,356.1563,357.1825,358.197,359.1995,400.0,80.0,5.0,360.0,SYNTHETIC_VALIDATION,SYNTHETIC_ONLY,SYNTHETIC_10HZ,1,0
1.7,357.8782,403.2986,0.4398,353.7348,83.4402,80.1687,100.34,30.0846,220.4928,351.9761,353.0409,354.0953,355.1388,356.1709,357.1913,358.1997,359.1962,400.0,80.0,5.0,360.0,SYNTHETIC_VALIDATION,SYNTHETIC_ONLY,SYNTHETIC_10HZ,1,0
1.8,357.9583,403.4797,0.43865,353.7824,83.433,80.1785,100.36,30.0895,220.4919,352.0098,353.0694,354.1184,355.1563,356.1825,357.197,358.1995,359.19,400.0,80.0,5.0,360.0,SYNTHETIC_VALIDATION,SYNTHETIC_ONLY,SYNTHETIC_10HZ,1,0
1.9,358.0335,403.6587,0.43745,353.8255,83.4254,80.1882,100.38,30.0944,220.491,352.0409,353.0953,354.1388,355.1709,356.1913,357.1997,358.1962,359.1808,400.0,80.0,5.0,360.0,SYNTHETIC_VALIDATION,SYNTHETIC_ONLY,SYNTHETIC_10HZ,1,0
2.0,358.1037,403.8354,0.43621,353.8641,83.4174,80.1979,100.4,30.0993,220.49,352.0694,353.1184,354.1563,355.1825,356.197,357.1995,358.19,359.1686,400.0,80.0,5.0,360.0,SYNTHETIC_VALIDATION,SYNTHETIC_ONLY,SYNTHETIC_10HZ,1,0
2.1,358.1686,404.0097,0.43493,353.898,83.4091,80.2076,100.42,30.1042,220.489,352.0953,353.1388,354.1709,355.1913,356.1997,357.1962,358.1808,359.1535,400.0,80.0,5.0,360.0,SYNTHETIC_VALIDATION,SYNTHETIC_ONLY,SYNTHETIC_10HZ,1,0
2.2,358.228,404.1815,0.43361,353.9271,83.4003,80.2172,100.44,30.1091,220.4879,352.1184,353.1563,354.1825,355.197,356.1995,357.19,358.1686,359.1356,400.0,80.0,5.0,360.0,SYNTHETIC_VALIDATION,SYNTHETIC_ONLY,SYNTHETIC_10HZ,1,0
2.3,358.2819,404.3507,0.43225,353.9514,83.3911,80.2268,100.46,30.114,220.4868,352.1388,353.1709,354.1913,355.1997,356.1962,357.1808,358.1535,359.1148,400.0,80.0,5.0,360.0,SYNTHETIC_VALIDATION,SYNTHETIC_ONLY,SYNTHETIC_10HZ,1,0
2.4,358.3301,404.5171,0.43087,353.9709,83.3816,80.2364,100.48,30.1189,220.4857,352.1563,353.1825,354.197,355.1995,356.19,357.1686,358.1356,359.0912,400.0,80.0,5.0,360.0,SYNTHETIC_VALIDATION,SYNTHETIC_ONLY,SYNTHETIC_10HZ,1,0
2.5,358.3725,404.6808,0.42946,353.9854,83.3717,80.246,100.5,30.1237,220.4845,352.1709,353.1913,354.1997,355.1962,356.1808,357.1535,358.1148,359.0648,400.0,80.0,5.0,360.0,SYNTHETIC_VALIDATION,SYNTHETIC_ONLY,SYNTHETIC_10HZ,1,0
2.6,358.4089,404.8415,0.42802,353.995,83.3614,80.2554,100.52,30.1285,220.4832,352.1825,353.197,354.1995,355.19,356.1686,357.1356,358.0912,359.0359,400.0,80.0,5.0,360.0,SYNTHETIC_VALIDATION,SYNTHETIC_ONLY,SYNTHETIC_10HZ,1,0
2.7,358.4393,404.9992,0.42657,353.9996,83.3507,80.2649,100.54,30.1334,220.4819,352.1913,353.1997,354.1962,355.1808,356.1535,357.1148,358.0648,359.0043,400.0,80.0,5.0,360.0,SYNTHETIC_VALIDATION,SYNTHETIC_ONLY,SYNTHETIC_10HZ,1,0
2.8,358.4636,405.1537,0.4251,353.9991,83.3396,80.2743,100.56,30.1382,220.4805,352.197,353.1995,354.19,355.1686,356.1356,357.0912,358.0359,358.9702,400.0,80.0,5.0,360.0,SYNTHETIC_VALIDATION,SYNTHETIC_ONLY,SYNTHETIC_10HZ,1,0
2.9,358.4818,405.3051,0.42362,353.9937,83.3282,80.2837,100.58,30.143,220.4791,352.1997,353.1962,354.1808,355.1535,356.1148,357.0648,358.0043,358.9337,400.0,80.0,5.0,360.0,SYNTHETIC_VALIDATION,SYNTHETIC_ONLY,SYNTHETIC_10HZ,1,0
3.0,358.4937,405.4531,0.42212,353.9833,83.3164,80.293,100.6,30.1478,220.4777,352.1995,353.19,354.1686,355.1356,356.0912,357.0359,357.9702,358.8948,400.0,80.0,5.0,360.0,SYNTHETIC_VALIDATION,SYNTHETIC_ONLY,SYNTHETIC_10HZ,1,0
3.1,358.4995,405.5977,0.42062,353.968,83.3042,80.3023,100.62,30.1525,220.4762,352.1962,353.1808,354.1535,355.1148,356.0648,357.0043,357.9337,358.8538,400.0,80.0,5.0,360.0,SYNTHETIC_VALIDATION,SYNTHETIC_ONLY,SYNTHETIC_10HZ,1,0
3.2,358.4989,405.7388,0.41912,353.9477,83.2917,80.3115,100.64,30.1573,220.4746,352.19,353.1686,354.1356,355.0912,356.0359,356.9702,357.8948,358.8106,400.0,80.0,5.0,360.0,SYNTHETIC_VALIDATION,SYNTHETIC_ONLY,SYNTHETIC_10HZ,1,0
3.3,358.4922,405.8764,0.41763,353.9226,83.2788,80.3207,100.66,30.162,220.473,352.1808,353.1535,354.1148,355.0648,356.0043,356.9337,357.8538,358.7653,400.0,80.0,5.0,360.0,SYNTHETIC_VALIDATION,SYNTHETIC_ONLY,SYNTHETIC_10HZ,1,0
3.4,358.4792,406.0102,0.41613,353.8926,83.2655,80.3299,100.68,30.1667,220.4714,352.1686,353.1356,354.0912,355.0359,355.9702,356.8948,357.8106,358.7182,400.0,80.0,5.0,360.0,SYNTHETIC_VALIDATION,SYNTHETIC_ONLY,SYNTHETIC_10HZ,1,0
3.5,358.46,406.1403,0.41465,353.8579,83.2519,80.3389,100.7,30.1714,220.4697,352.1535,353.1148,354.0648,355.0043,355.9337,356.8538,357.7653,358.6692,400.0,80.0,5.0,360.0,SYNTHETIC_VALIDATION,SYNTHETIC_ONLY,SYNTHETIC_10HZ,1,0
3.6,358.4346,406.2666,0.41318,353.8186,83.238,80.348,100.72,30.1761,220.4679,352.1356,353.0912,354.0359,354.9702,355.8948,356.8106,357.7182,358.6186,400.0,80.0,5.0,360.0,SYNTHETIC_VALIDATION,SYNTHETIC_ONLY,SYNTHETIC_10HZ,1,0
3.7,358.4032,406.389,0.41173,353.7747,83.2237,80.3569,100.74,30.1808,220.4662,352.1148,353.0648,354.0043,354.9337,355.8538,356.7653,357.6692,358.5664,400.0,80.0,5.0,360.0,SYNTHETIC_VALIDATION,SYNTHETIC_ONLY,SYNTHETIC_10HZ,1,0
3.8,358.3658,406.5073,0.4103,353.7264,83.2091,80.3659,100.76,30.1855,220.4643,352.0912,353.0359,353.9702,354.8948,355.8106,356.7182,357.6186,358.5129,400.0,80.0,5.0,360.0,SYNTHETIC_VALIDATION,SYNTHETIC_ONLY,SYNTHETIC_10HZ,1,0
3.9,358.3224,406.6216,0.40889,353.6738,83.1941,80.3747,100.78,30.1901,220.4625,352.0648,353.0043,353.9337,354.8538,355.7653,356.6692,357.5664,358.458,400.0,80.0,5.0,360.0,SYNTHETIC_VALIDATION,SYNTHETIC_ONLY,SYNTHETIC_10HZ,1,0
4.0,358.2732,406.7318,0.40752,353.617,83.1788,80.3835,100.8,30.1947,220.4605,352.0359,352.9702,353.8948,354.8106,355.7182,356.6186,357.5129,358.402,400.0,80.0,5.0,360.0,SYNTHETIC_VALIDATION,SYNTHETIC_ONLY,SYNTHETIC_10HZ,1,0
4.1,358.2184,406.8377,0.40617,353.5561,83.1632,80.3923,100.82,30.1993,220.4586,352.0043,352.9337,353.8538,354.7653,355.6692,356.5664,357.458,358.345,400.0,80.0,5.0,360.0,SYNTHETIC_VALIDATION,SYNTHETIC_ONLY,SYNTHETIC_10HZ,1,0
4.2,358.158,406.9394,0.40485,353.4914,83.1473,80.401,100.84,30.2039,220.4565,351.9702,352.8948,353.8106,354.7182,355.6186,356.5129,357.402,358.2871,400.0,80.0,5.0,360.0,SYNTHETIC_VALIDATION,SYNTHETIC_ONLY,SYNTHETIC_10HZ,1,0
4.3,358.0922,407.0367,0.40358,353.4229,83.131,80.4096,100.86,30.2084,220.4545,351.9337,352.8538,353.7653,354.6692,355.5664,356.458,357.345,358.2285,400.0,80.0,5.0,360.0,SYNTHETIC_VALIDATION,SYNTHETIC_ONLY,SYNTHETIC_10HZ,1,0
4.4,358.0212,407.1297,0.40234,353.3509,83.1144,80.4181,100.88,30.213,220.4524,351.8948,352.8106,353.7182,354.6186,355.5129,356.402,357.2871,358.1693,400.0,80.0,5.0,360.0,SYNTHETIC_VALIDATION,SYNTHETIC_ONLY,SYNTHETIC_10HZ,1,0
4.5,357.9452,407.2181,0.40115,353.2755,83.0975,80.4266,100.9,30.2175,220.4502,351.8538,352.7653,353.6692,354.5664,355.458,356.345,357.2285,358.1098,400.0,80.0,5.0,360.0,SYNTHETIC_VALIDATION,SYNTHETIC_ONLY,SYNTHETIC_10HZ,1,0
4.6,357.8643,407.3021,0.40001,353.1969,83.0803,80.4351,100.92,30.222,220.448,351.8106,352.7182,353.6186,354.5129,355.402,356.2871,357.1693,358.0499,400.0,80.0,5.0,360.0,SYNTHETIC_VALIDATION,SYNTHETIC_ONLY,SYNTHETIC_10HZ,1,0
4.7,357.7787,407.3815,0.39892,353.1154,83.0628,80.4434,100.94,30.2264,220.4458,351.7653,352.6692,353.5664,354.458,355.345,356.2285,357.1098,357.9899,400.0,80.0,5.0,360.0,SYNTHETIC_VALIDATION,SYNTHETIC_ONLY,SYNTHETIC_10HZ,1,0
4.8,357.6887,407.4563,0.39788,353.031,83.0451,80.4517,100.96,30.2309,220.4435,351.7182,352.6186,353.5129,354.402,355.2871,356.1693,357.0499,357.93,400.0,80.0,5.0,360.0,SYNTHETIC_VALIDATION,SYNTHETIC_ONLY,SYNTHETIC_10HZ,1,0
4.9,357.5944,407.5264,0.39689,352.9441,83.027,80.4599,100.98,30.2353,220.4412,351.6692,352.5664,353.458,354.345,355.2285,356.1098,356.9899,357.8702,400.0,80.0,5.0,360.0,SYNTHETIC_VALIDATION,SYNTHETIC_ONLY,SYNTHETIC_10HZ,1,0
5.0,357.4962,407.5919,0.39597,352.8548,83.0086,80.4681,101.0,30.2397,220.4388,351.6186,352.5129,353.402,354.2871,355.1693,356.0499,356.93,357.8107,400.0,80.0,5.0,360.0,SYNTHETIC_VALIDATION,SYNTHETIC_ONLY,SYNTHETIC_10HZ,1,0
5.1,357.3942,407.6526,0.3951,352.7633,82.99,80.4762,101.02,30.2441,220.4364,351.5664,352.458,353.345,354.2285,355.1098,355.9899,356.8702,357.7517,400.0,80.0,5.0,360.0,SYNTHETIC_VALIDATION,SYNTHETIC_ONLY,SYNTHETIC_10HZ,1,0
5.2,357.2888,407.7085,0.39429,352.67,82.9711,80.4841,101.04,30.2484,220.4339,351.5129,352.402,353.2871,354.1693,355.0499,355.93,356.8107,357.6934,400.0,80.0,5.0,360.0,SYNTHETIC_VALIDATION,SYNTHETIC_ONLY,SYNTHETIC_10HZ,1,0
5.3,357.1801,407.7596,0.39355,352.575,82.9519,80.4921,101.06,30.2528,220.4314,351.458,352.345,353.2285,354.1098,354.9899,355.8702,356.7517,357.6358,400.0,80.0,5.0,360.0,SYNTHETIC_VALIDATION,SYNTHETIC_ONLY,SYNTHETIC_10HZ,1,0
5.4,357.0684,407.8058,0.39288,352.4785,82.9324,80.4999,101.08,30.2571,220.4289,351.402,352.2871,353.1693,354.0499,354.93,355.8107,356.6934,357.5791,400.0,80.0,5.0,360.0,SYNTHETIC_VALIDATION,SYNTHETIC_ONLY,SYNTHETIC_10HZ,1,0
5.5,356.9542,407.8471,0.39227,352.3808,82.9127,80.5077,101.1,30.2613,220.4263,351.345,352.2285,353.1098,353.9899,354.8702,355.7517,356.6358,357.5234,400.0,80.0,5.0,360.0,SYNTHETIC_VALIDATION,SYNTHETIC_ONLY,SYNTHETIC_10HZ,1,0
5.6,356.8375,407.8836,0.39173,352.2822,82.8927,80.5154,101.12,30.2656,220.4236,351.2871,352.1693,353.0499,353.93,354.8107,355.6934,356.5791,357.469,400.0,80.0,5.0,360.0,SYNTHETIC_VALIDATION,SYNTHETIC_ONLY,SYNTHETIC_10HZ,1,0
5.7,356.7187,407.9151,0.39127,352.1829,82.8725,80.523,101.14,30.2698,220.421,351.2285,352.1098,352.9899,353.8702,354.7517,355.6358,356.5234,357.4159,400.0,80.0,5.0,360.0,SYNTHETIC_VALIDATION,SYNTHETIC_ONLY,SYNTHETIC_10HZ,1,0
5.8,356.5981,407.9417,0.39087,352.0832,82.8521,80.5305,101.16,30.274,220.4182,351.1693,352.0499,352.93,353.8107,354.6934,355.5791,356.469,357.3642,400.0,80.0,5.0,360.0,SYNTHETIC_VALIDATION,SYNTHETIC_ONLY,SYNTHETIC_10HZ,1,0
5.9,356.4761,407.9633,0.39055,351.9832,82.8314,80.538,101.18,30.2782,220.4155,351.1098,351.9899,352.8702,353.7517,354.6358,355.5234,356.4159,357.3141,400.0,80.0,5.0,360.0,SYNTHETIC_VALIDATION,SYNTHETIC_ONLY,SYNTHETIC_10HZ,1,0
6.0,356.3528,407.98,0.3903,351.8833,82.8105,80.5453,101.2,30.2823,220.4127,351.0499,351.93,352.8107,353.6934,354.5791,355.469,356.3642,357.2658,400.0,80.0,5.0,360.0,SYNTHETIC_VALIDATION,SYNTHETIC_ONLY,SYNTHETIC_10HZ,1,0
6.1,356.2287,407.9916,0.39013,351.7836,82.7893,80.5526,101.22,30.2864,220.4098,350.9899,351.8702,352.7517,353.6358,354.5234,355.4159,356.3141,357.2192,400.0,80.0,5.0,360.0,SYNTHETIC_VALIDATION,SYNTHETIC_ONLY,SYNTHETIC_10HZ,1,0
6.2,356.104,407.9983,0.39003,351.6845,82.7679,80.5598,101.24,30.2905,220.4069,350.93,351.8107,352.6934,353.5791,354.469,355.3642,356.2658,357.1747,400.0,80.0,5.0,360.0,SYNTHETIC_VALIDATION,SYNTHETIC_ONLY,SYNTHETIC_10HZ,1,0
6.3,355.979,407.9999,0.39,351.5862,82.7464,80.5669,101.26,30.2946,220.404,350.8702,351.7517,352.6358,353.5234,354.4159,355.3141,356.2192,357.1322,400.0,80.0,5.0,360.0,SYNTHETIC_VALIDATION,SYNTHETIC_ONLY,SYNTHETIC_10HZ,1,0
6.4,355.8541,407.9966,0.39005,351.4889,82.7246,80.5739,101.28,30.2986,220.401,350.8107,351.6934,352.5791,353.469,354.3642,355.2658,356.1747,357.0918,400.0,80.0,5.0,360.0,SYNTHETIC_VALIDATION,SYNTHETIC_ONLY,SYNTHETIC_10HZ,1,0
6.5,355.7295,407.9883,0.39018,351.3929,82.7026,80.5808,101.3,30.3026,220.398,350.7517,351.6358,352.5234,353.4159,354.3141,355.2192,356.1322,357.0538,400.0,80.0,5.0,360.0,SYNTHETIC_VALIDATION,SYNTHETIC_ONLY,SYNTHETIC_10HZ,1,0
6.6,355.6056,407.9749,0.39038,351.2984,82.6804,80.5876,101.32,30.3066,220.395,350.6934,351.5791,352.469,353.3642,354.2658,355.1747,356.0918,357.0181,400.0,80.0,5.0,360.0,SYNTHETIC_VALIDATION,SYNTHETIC_ONLY,SYNTHETIC_10HZ,1,0
6.7,355.4827,407.9566,0.39065,351.2057,82.658,80.5944,101.34,30.3105,220.3919,350.6358,351.5234,352.4159,353.3141,354.2192,355.1322,356.0538,356.9848,400.0,80.0,5.0,360.0,SYNTHETIC_VALIDATION,SYNTHETIC_ONLY,SYNTHETIC_10HZ,1,0
6.8,355.3611,407.9333,0.391,351.115,82.6355,80.601,101.36,30.3144,220.3888,350.5791,351.469,352.3642,353.2658,354.1747,355.0918,356.0181,356.9541,400.0,80.0,5.0,360.0,SYNTHETIC_VALIDATION,SYNTHETIC_ONLY,SYNTHETIC_10HZ,1,0
6.9,355.2411,407.9051,0.39142,351.0264,82.6127,80.6076,101.38,30.3183,220.3856,350.5234,351.4159,352.3141,353.2192,354.1322,355.0538,355.9848,356.926,400.0,80.0,5.0,360.0,SYNTHETIC_VALIDATION,SYNTHETIC_ONLY,SYNTHETIC_10HZ,1,0
7.0,355.123,407.8719,0.39191,350.9403,82.5898,80.614,101.4,30.3221,220.3824,350.469,351.3642,352.2658,353.1747,354.0918,355.0181,355.9541,356.9006,400.0,80.0,5.0,360.0,SYNTHETIC_VALIDATION,SYNTHETIC_ONLY,SYNTHETIC_10HZ,1,0
7.1,355.0071,407.8338,0.39247,350.8569,82.5668,80.6204,101.42,30.3259,220.3792,350.4159,351.3141,352.2192,353.1322,354.0538,354.9848,355.926,356.8779,400.0,80.0,5.0,360.0,SYNTHETIC_VALIDATION,SYNTHETIC_ONLY,SYNTHETIC_10HZ,1,0
7.2,354.8937,407.7908,0.3931,350.7763,82.5435,80.6267,101.44,30.3297,220.3759,350.3642,351.2658,352.1747,353.0918,354.0181,354.9541,355.9006,356.8581,400.0,80.0,5.0,360.0,SYNTHETIC_VALIDATION,SYNTHETIC_ONLY,SYNTHETIC_10HZ,1,0
7.3,354.783,407.7429,0.39379,350.6987,82.5202,80.6328,101.46,30.3334,220.3726,350.3141,351.2192,352.1322,353.0538,353.9848,354.926,355.8779,356.8411,400.0,80.0,5.0,360.0,SYNTHETIC_VALIDATION,SYNTHETIC_ONLY,SYNTHETIC_10HZ,1,0
7.4,354.6754,407.6902,0.39456,350.6245,82.4966,80.6389,101.48,30.3371,220.3692,350.2658,351.1747,352.0918,353.0181,353.9541,354.9006,355.8581,356.827,400.0,80.0,5.0,360.0,SYNTHETIC_VALIDATION,SYNTHETIC_ONLY,SYNTHETIC_10HZ,1,0
7.5,354.5711,407.6327,0.39538,350.5536,82.473,80.6449,101.5,30.3408,220.3658,350.2192,351.1322,352.0538,352.9848,353.926,354.8779,355.8411,356.8158,400.0,80.0,5.0,360.0,SYNTHETIC_VALIDATION,SYNTHETIC_ONLY,SYNTHETIC_10HZ,1,0
7.6,354.4704,407.5704,0.39627,350.4864,82.4492,80.6507,101.52,30.3445,220.3624,350.1747,351.0918,352.0181,352.9541,353.9006,354.8581,355.827,356.8076,400.0,80.0,5.0,360.0,SYNTHETIC_VALIDATION,SYNTHETIC_ONLY,SYNTHETIC_10HZ,1,0
7.7,354.3734,407.5034,0.39722,350.4229,82.4253,80.6565,101.54,30.3481,220.359,350.1322,351.0538,351.9848,352.926,353.8779,354.8411,355.8158,356.8023,400.0,80.0,5.0,360.0,SYNTHETIC_VALIDATION,SYNTHETIC_ONLY,SYNTHETIC_10HZ,1,0
7.8,354.2806,407.4317,0.39822,350.3634,82.4012,80.6622,101.56,30.3516,220.3555,350.0918,351.0181,351.9541,352.9006,353.8581,354.827,355.8076,356.8001,400.0,80.0,5.0,360.0,SYNTHETIC_VALIDATION,SYNTHETIC_ONLY,SYNTHETIC_10HZ,1,0
7.9,354.192,407.3553,0.39928,350.308,82.3771,80.6677,101.58,30.3552,220.3519,350.0538,350.9848,351.926,352.8779,353.8411,354.8158,355.8023,356.8008,400.0,80.0,5.0,360.0,SYNTHETIC_VALIDATION,SYNTHETIC_ONLY,SYNTHETIC_10HZ,1,0
8.0,354.108,407.2744,0.40039,350.2568,82.3529,80.6732,101.6,30.3587,220.3484,350.0181,350.9541,351.9006,352.8581,353.827,354.8076,355.8001,356.8046,400.0,80.0,5.0,360.0,SYNTHETIC_VALIDATION,SYNTHETIC_ONLY,SYNTHETIC_10HZ,1,0
8.1,354.0287,407.1889,0.40155,350.21,82.3285,80.6785,101.62,30.3621,220.3447,349.9848,350.926,351.8779,352.8411,353.8158,354.8023,355.8008,356.8113,400.0,80.0,5.0,360.0,SYNTHETIC_VALIDATION,SYNTHETIC_ONLY,SYNTHETIC_10HZ,1,0
8.2,353.9543,407.0989,0.40276,350.1677,82.3041,80.6838,101.64,30.3656,220.3411,349.9541,350.9006,351.8581,352.827,353.8076,354.8001,355.8046,356.8211,400.0,80.0,5.0,360.0,SYNTHETIC_VALIDATION,SYNTHETIC_ONLY,SYNTHETIC_10HZ,1,0
8.3,353.885,407.0045,0.404,350.1299,82.2796,80.6889,101.66,30.369,220.3374,349.926,350.8779,351.8411,352.8158,353.8023,354.8008,355.8113,356.8337,400.0,80.0,5.0,360.0,SYNTHETIC_VALIDATION,SYNTHETIC_ONLY,SYNTHETIC_10HZ,1,0
8.4,353.8211,406.9057,0.40529,350.0968,82.255,80.6939,101.68,30.3723,220.3337,349.9006,350.8581,351.827,352.8076,353.8001,354.8046,355.8211,356.8493,400.0,80.0,5.0,360.0,SYNTHETIC_VALIDATION,SYNTHETIC_ONLY,SYNTHETIC_10HZ,1,0
8.5,353.7625,406.8026,0.40662,350.0685,82.2303,80.6989,101.7,30.3756,220.33,349.8779,350.8411,351.8158,352.8023,353.8008,354.8113,355.8337,356.8677,400.0,80.0,5.0,360.0,SYNTHETIC_VALIDATION,SYNTHETIC_ONLY,SYNTHETIC_10HZ,1,0
8.6,353.7096,406.6952,0.40798,350.0449,82.2055,80.7037,101.72,30.3789,220.3262,349.8581,350.827,351.8076,352.8001,353.8046,354.8211,355.8493,356.889,400.0,80.0,5.0,360.0,SYNTHETIC_VALIDATION,SYNTHETIC_ONLY,SYNTHETIC_10HZ,1,0
8.7,353.6624,406.5836,0.40936,350.0263,82.1808,80.7084,101.74,30.3822,220.3224,349.8411,350.8158,351.8023,352.8008,353.8113,354.8337,355.8677,356.9131,400.0,80.0,5.0,360.0,SYNTHETIC_VALIDATION,SYNTHETIC_ONLY,SYNTHETIC_10HZ,1,0
8.8,353.621,406.468,0.41078,350.0126,82.1559,80.713,101.76,30.3854,220.3186,349.827,350.8076,351.8001,352.8046,353.8211,354.8493,355.889,356.9399,400.0,80.0,5.0,360.0,SYNTHETIC_VALIDATION,SYNTHETIC_ONLY,SYNTHETIC_10HZ,1,0
8.9,353.5856,406.3483,0.41222,350.0039,82.131,80.7174,101.78,30.3885,220.3147,349.8158,350.8023,351.8008,352.8113,353.8337,354.8677,355.9131,356.9693,400.0,80.0,5.0,360.0,SYNTHETIC_VALIDATION,SYNTHETIC_ONLY,SYNTHETIC_10HZ,1,0
9.0,353.5562,406.2246,0.41368,350.0002,82.1061,80.7218,101.8,30.3917,220.3108,349.8076,350.8001,351.8046,352.8211,353.8493,354.889,355.9399,357.0013,400.0,80.0,5.0,360.0,SYNTHETIC_VALIDATION,SYNTHETIC_ONLY,SYNTHETIC_10HZ,1,0
9.1,353.5329,406.097,0.41515,350.0014,82.0812,80.7261,101.82,30.3948,220.3069,349.8023,350.8008,351.8113,352.8337,353.8677,354.9131,355.9693,357.0358,400.0,80.0,5.0,360.0,SYNTHETIC_VALIDATION,SYNTHETIC_ONLY,SYNTHETIC_10HZ,1,0
9.2,353.5158,405.9656,0.41664,350.0077,82.0562,80.7302,101.84,30.3978,220.3029,349.8001,350.8046,351.8211,352.8493,353.889,354.9399,356.0013,357.0727,400.0,80.0,5.0,360.0,SYNTHETIC_VALIDATION,SYNTHETIC_ONLY,SYNTHETIC_10HZ,1,0
9.3,353.5049,405.8305,0.41813,350.0189,82.0312,80.7342,101.86,30.4008,220.2989,349.8008,350.8113,351.8337,352.8677,353.9131,354.9693,356.0358,357.1119,400.0,80.0,5.0,360.0,SYNTHETIC_VALIDATION,SYNTHETIC_ONLY,SYNTHETIC_10HZ,1,0
9.4,353.5002,405.6918,0.41963,350.0351,82.0062,80.7382,101.88,30.4038,220.2949,349.8046,350.8211,351.8493,352.889,353.9399,355.0013,356.0727,357.1534,400.0,80.0,5.0,360.0,SYNTHETIC_VALIDATION,SYNTHETIC_ONLY,SYNTHETIC_10HZ,1,0
9.5,353.5018,405.5495,0.42113,350.0562,81.9812,80.7419,101.9,30.4067,220.2908,349.8113,350.8337,351.8677,352.9131,353.9693,355.0358,356.1119,357.1969,400.0,80.0,5.0,360.0,SYNTHETIC_VALIDATION,SYNTHETIC_ONLY,SYNTHETIC_10HZ,1,0
9.6,353.5096,405.4037,0.42262,350.0822,81.9562,80.7456,101.92,30.4096,220.2868,349.8211,350.8493,351.889,352.9399,354.0013,355.0727,356.1534,357.2425,400.0,80.0,5.0,360.0,SYNTHETIC_VALIDATION,SYNTHETIC_ONLY,SYNTHETIC_10HZ,1,0
9.7,353.5236,405.2546,0.42412,350.1129,81.9312,80.7492,101.94,30.4124,220.2826,349.8337,350.8677,351.9131,352.9693,354.0358,355.1119,356.1969,357.2899,400.0,80.0,5.0,360.0,SYNTHETIC_VALIDATION,SYNTHETIC_ONLY,SYNTHETIC_10HZ,1,0
9.8,353.5439,405.1021,0.4256,350.1484,81.9063,80.7526,101.96,30.4152,220.2785,349.8493,350.889,351.9399,353.0013,354.0727,355.1534,356.2425,357.3392,400.0,80.0,5.0,360.0,SYNTHETIC_VALIDATION,SYNTHETIC_ONLY,SYNTHETIC_10HZ,1,0
9.9,353.5702,404.9465,0.42706,350.1885,81.8813,80.756,101.98,30.418,220.2743,349.8677,350.9131,351.9693,353.0358,354.1119,355.1969,356.2899,357.3901,400.0,80.0,5.0,360.0,SYNTHETIC_VALIDATION,SYNTHETIC_ONLY,SYNTHETIC_10HZ,1,0
10.0,353.6027,404.7878,0.42851,350.2331,81.8564,80.7592,102.0,30.4207,220.2702,349.889,350.9399,352.0013,353.0727,354.1534,355.2425,356.3392,357.4425,400.0,80.0,5.0,360.0,SYNTHETIC_VALIDATION,SYNTHETIC_ONLY,SYNTHETIC_10HZ,1,0
10.1,353.6411,404.6261,0.42994,350.2821,81.8316,80.7623,102.02,30.4234,220.2659,349.9131,350.9693,352.0358,353.1119,354.1969,355.2899,356.3901,357.4963,400.0,80.0,5.0,360.0,SYNTHETIC_VALIDATION,SYNTHETIC_ONLY,SYNTHETIC_10HZ,1,0
10.2,353.6855,404.4615,0.43134,350.3355,81.8067,80.7653,102.04,30.4261,220.2617,349.9399,351.0013,352.0727,353.1534,354.2425,355.3392,356.4425,357.5513,400.0,80.0,5.0,360.0,SYNTHETIC_VALIDATION,SYNTHETIC_ONLY,SYNTHETIC_10HZ,1,0
10.3,353.7356,404.2941,0.43271,350.393,81.782,80.7681,102.06,30.4286,220.2574,349.9693,351.0358,352.1119,353.1969,354.2899,355.3901,356.4963,357.6075,400.0,80.0,5.0,360.0,SYNTHETIC_VALIDATION,SYNTHETIC_ONLY,SYNTHETIC_10HZ,1,0
10.4,353.7914,404.124,0.43406,350.4545,81.7573,80.7708,102.08,30.4312,220.2531,350.0013,351.0727,352.1534,353.2425,354.3392,355.4425,356.5513,357.6647,400.0,80.0,5.0,360.0,SYNTHETIC_VALIDATION,SYNTHETIC_ONLY,SYNTHETIC_10HZ,1,0
10.5,353.8527,403.9514,0.43536,350.5198,81.7326,80.7735,102.1,30.4337,220.2488,350.0358,351.1119,352.1969,353.2899,354.3901,355.4963,356.6075,357.7227,400.0,80.0,5.0,360.0,SYNTHETIC_VALIDATION,SYNTHETIC_ONLY,SYNTHETIC_10HZ,1,0
10.6,353.9193,403.7762,0.43663,350.5889,81.7081,80.776,102.12,30.4362,220.2444,350.0727,351.1534,352.2425,353.3392,354.4425,355.5513,356.6647,357.7814,400.0,80.0,5.0,360.0,SYNTHETIC_VALIDATION,SYNTHETIC_ONLY,SYNTHETIC_10HZ,1,0
10.7,353.9912,403.5988,0.43786,350.6615,81.6836,80.7783,102.14,30.4386,220.2401,350.1119,351.1969,352.2899,353.3901,354.4963,355.6075,356.7227,357.8406,400.0,80.0,5.0,360.0,SYNTHETIC_VALIDATION,SYNTHETIC_ONLY,SYNTHETIC_10HZ,1,0
10.8,354.0681,403.419,0.43904,350.7375,81.6592,80.7806,102.16,30.441,220.2357,350.1534,351.2425,352.3392,353.4425,354.5513,355.6647,356.7814,357.9003,400.0,80.0,5.0,360.0,SYNTHETIC_VALIDATION,SYNTHETIC_ONLY,SYNTHETIC_10HZ,1,0
10.9,354.1498,403.2372,0.44018,350.8166,81.6349,80.7827,102.18,30.4433,220.2312,350.1969,351.2899,352.3901,353.4963,354.6075,355.7227,356.8406,357.9602,400.0,80.0,5.0,360.0,SYNTHETIC_VALIDATION,SYNTHETIC_ONLY,SYNTHETIC_10HZ,1,0
11.0,354.2361,403.0533,0.44126,350.8986,81.6107,80.7847,102.2,30.4456,220.2268,350.2425,351.3392,352.4425,353.5513,354.6647,355.7814,356.9003,358.0202,400.0,80.0,5.0,360.0,SYNTHETIC_VALIDATION,SYNTHETIC_ONLY,SYNTHETIC_10HZ,1,0
11.1,354.3269,402.8675,0.44229,350.9834,81.5866,80.7866,102.22,30.4478,220.2223,350.2899,351.3901,352.4963,353.6075,354.7227,355.8406,356.9602,358.0801,400.0,80.0,5.0,360.0,SYNTHETIC_VALIDATION,SYNTHETIC_ONLY,SYNTHETIC_10HZ,1,0
11.2,354.4218,402.6799,0.44327,351.0708,81.5626,80.7884,102.24,30.4501,220.2178,350.3392,351.4425,352.5513,353.6647,354.7814,355.9003,357.0202,358.1399,400.0,80.0,5.0,360.0,SYNTHETIC_VALIDATION,SYNTHETIC_ONLY,SYNTHETIC_10HZ,1,0
11.3,354.5207,402.4906,0.44418,351.1605,81.5388,80.79,102.26,30.4522,220.2133,350.3901,351.4963,352.6075,353.7227,354.8406,355.9602,357.0801,358.1993,400.0,80.0,5.0,360.0,SYNTHETIC_VALIDATION,SYNTHETIC_ONLY,SYNTHETIC_10HZ,1,0
11.4,354.6233,402.2998,0.44504,351.2522,81.5151,80.7915,102.28,30.4543,220.2088,350.4425,351.5513,352.6647,353.7814,354.9003,356.0202,357.1399,358.2581,400.0,80.0,5.0,360.0,SYNTHETIC_VALIDATION,SYNTHETIC_ONLY,SYNTHETIC_10HZ,1,0
11.5,354.7293,402.1076,0.44584,351.3459,81.4915,80.7929,102.3,30.4564,220.2042,350.4963,351.6075,352.7227,353.8406,354.9602,356.0801,357.1993,358.3164,400.0,80.0,5.0,360.0,SYNTHETIC_VALIDATION,SYNTHETIC_ONLY,SYNTHETIC_10HZ,1,0
11.6,354.8385,401.914,0.44657,351.4412,81.468,80.7942,102.32,30.4584,220.1997,350.5513,351.6647,352.7814,353.9003,355.0202,356.1399,357.2581,358.3738,400.0,80.0,5.0,360.0,SYNTHETIC_VALIDATION,SYNTHETIC_ONLY,SYNTHETIC_10HZ,1,0
11.7,354.9506,401.7192,0.44723,351.5378,81.4447,80.7953,102.34,30.4604,220.1951,350.6075,351.7227,352.8406,353.9602,355.0801,356.1993,357.3164,358.4304,400.0,80.0,5.0,360.0,SYNTHETIC_VALIDATION,SYNTHETIC_ONLY,SYNTHETIC_10HZ,1,0
11.8,355.0653,401.5234,0.44782,351.6357,81.4216,80.7963,102.36,30.4623,220.1905,350.6647,351.7814,352.9003,354.0202,355.1399,356.2581,357.3738,358.4858,400.0,80.0,5.0,360.0,SYNTHETIC_VALIDATION,SYNTHETIC_ONLY,SYNTHETIC_10HZ,1,0
11.9,355.1824,401.3266,0.44835,351.7344,81.3986,80.7972,102.38,30.4642,220.1858,350.7227,351.8406,352.9602,354.0801,355.1993,356.3164,357.4304,358.5401,400.0,80.0,5.0,360.0,SYNTHETIC_VALIDATION,SYNTHETIC_ONLY,SYNTHETIC_10HZ,1,0
12.0,355.3015,401.129,0.44881,351.8338,81.3758,80.798,102.4,30.466,220.1812,350.7814,351.9003,353.0202,354.1399,355.2581,356.3738,357.4858,358.5929,400.0,80.0,5.0,360.0,SYNTHETIC_VALIDATION,SYNTHETIC_ONLY,SYNTHETIC_10HZ,1,0
12.1,355.4223,400.9306,0.44919,351.9336,81.3531,80.7986,102.42,30.4678,220.1765,350.8406,351.9602,353.0801,354.1993,355.3164,356.4304,357.5401,358.6443,400.0,80.0,5.0,360.0,SYNTHETIC_VALIDATION,SYNTHETIC_ONLY,SYNTHETIC_10HZ,1,0
12.2,355.5446,400.7317,0.4495,352.0336,81.3307,80.7992,102.44,30.4695,220.1718,350.9003,352.0202,353.1399,354.2581,355.3738,356.4858,357.5929,358.6941,400.0,80.0,5.0,360.0,SYNTHETIC_VALIDATION,SYNTHETIC_ONLY,SYNTHETIC_10HZ,1,0
12.3,355.668,400.5323,0.44973,352.1335,81.3084,80.7996,102.46,30.4712,220.1671,350.9602,352.0801,353.1993,354.3164,355.4304,356.5401,357.6443,358.7422,400.0,80.0,5.0,360.0,SYNTHETIC_VALIDATION,SYNTHETIC_ONLY,SYNTHETIC_10HZ,1,0
12.4,355.7923,400.3326,0.4499,352.2331,81.2863,80.7998,102.48,30.4729,220.1624,351.0202,352.1399,353.2581,354.3738,355.4858,356.5929,357.6941,358.7884,400.0,80.0,5.0,360.0,SYNTHETIC_VALIDATION,SYNTHETIC_ONLY,SYNTHETIC_10HZ,1,0
12.5,355.9171,400.1327,0.44998,352.3321,81.2644,80.8,102.5,30.4745,220.1577,351.0801,352.1993,353.3164,354.4304,355.5401,356.6443,357.7422,358.8326,400.0,80.0,5.0,360.0,SYNTHETIC_VALIDATION,SYNTHETIC_ONLY,SYNTHETIC_10HZ,1,0
12.6,356.042,399.9327,0.45,352.4302,81.2427,80.8,102.52,30.476,220.1529,351.1399,352.2581,353.3738,354.4858,355.5929,356.6941,357.7884,358.8748,400.0,80.0,5.0,360.0,SYNTHETIC_VALIDATION,SYNTHETIC_ONLY,SYNTHETIC_10HZ,1,0
12.7,356.1669,399.7328,0.44993,352.5273,81.2213,80.7999,102.54,30.4776,220.1481,351.1993,352.3164,353.4304,354.5401,355.6443,356.7422,357.8326,358.9147,400.0,80.0,5.0,360.0,SYNTHETIC_VALIDATION,SYNTHETIC_ONLY,SYNTHETIC_10HZ,1,0
12.8,356.2914,399.533,0.4498,352.6231,81.2,80.7997,102.56,30.479,220.1434,351.2581,352.3738,353.4858,354.5929,355.6941,356.7884,357.8748,358.9524,400.0,80.0,5.0,360.0,SYNTHETIC_VALIDATION,SYNTHETIC_ONLY,SYNTHETIC_10HZ,1,0
12.9,356.4151,399.3335,0.44958,352.7173,81.179,80.7993,102.58,30.4804,220.1386,351.3164,352.4304,353.5401,354.6443,355.7422,356.8326,357.9147,358.9877,400.0,80.0,5.0,360.0,SYNTHETIC_VALIDATION,SYNTHETIC_ONLY,SYNTHETIC_10HZ,1,0
13.0,356.5378,399.1344,0.4493,352.8097,81.1582,80.7988,102.6,30.4818,220.1337,351.3738,352.4858,353.5929,354.6941,355.7884,356.8748,357.9524,359.0205,400.0,80.0,5.0,360.0,SYNTHETIC_VALIDATION,SYNTHETIC_ONLY,SYNTHETIC_10HZ,1,0
13.1,356.6592,398.9359,0.44894,352.9001,81.1376,80.7982,102.62,30.4831,220.1289,351.4304,352.5401,353.6443,354.7422,355.8326,356.9147,357.9877,359.0508,400.0,80.0,5.0,360.0,SYNTHETIC_VALIDATION,SYNTHETIC_ONLY,SYNTHETIC_10HZ,1,0
13.2,356.7789,398.738,0.44851,352.9882,81.1172,80.7975,102.64,30.4844,220.1241,351.4858,352.5929,353.6941,354.7884,355.8748,356.9524,358.0205,359.0784,400.0,80.0,5.0,360.0,SYNTHETIC_VALIDATION,SYNTHETIC_ONLY,SYNTHETIC_10HZ,1,0
13.3,356.8966,398.541,0.448,353.0739,81.0972,80.7966,102.66,30.4856,220.1192,351.5401,352.6443,353.7422,354.8326,355.9147,356.9877,358.0508,359.1034,400.0,80.0,5.0,360.0,SYNTHETIC_VALIDATION,SYNTHETIC_ONLY,SYNTHETIC_10HZ,1,0
13.4,357.0121,398.3448,0.44743,353.1569,81.0773,80.7957,102.68,30.4867,220.1144,351.5929,352.6941,353.7884,354.8748,355.9524,357.0205,358.0784,359.1256,400.0,80.0,5.0,360.0,SYNTHETIC_VALIDATION,SYNTHETIC_ONLY,SYNTHETIC_10HZ,1,0
13.5,357.1251,398.1496,0.44679,353.237,81.0577,80.7946,102.7,30.4879,220.1095,351.6443,352.7422,353.8326,354.9147,355.9877,357.0508,358.1034,359.145,400.0,80.0,5.0,360.0,SYNTHETIC_VALIDATION,SYNTHETIC_ONLY,SYNTHETIC_10HZ,1,0
13.6,357.2353,397.9557,0.44608,353.314,81.0384,80.7933,102.72,30.4889,220.1046,351.6941,352.7884,353.8748,354.9524,356.0205,357.0784,358.1256,359.1615,400.0,80.0,5.0,360.0,SYNTHETIC_VALIDATION,SYNTHETIC_ONLY,SYNTHETIC_10HZ,1,0
13.7,357.3424,397.763,0.44531,353.3877,81.0194,80.792,102.74,30.49,220.0997,351.7422,352.8326,353.9147,354.9877,356.0508,357.1034,358.145,359.1751,400.0,80.0,5.0,360.0,SYNTHETIC_VALIDATION,SYNTHETIC_ONLY,SYNTHETIC_10HZ,1,0
13.8,357.4461,397.5717,0.44447,353.4579,81.0006,80.7905,102.76,30.4909,220.0948,351.7884,352.8748,353.9524,355.0205,356.0784,357.1256,358.1615,359.1858,400.0,80.0,5.0,360.0,SYNTHETIC_VALIDATION,SYNTHETIC_ONLY,SYNTHETIC_10HZ,1,0
13.9,357.5462,397.3819,0.44357,353.5245,80.9821,80.7889,102.78,30.4919,220.0899,351.8326,352.9147,353.9877,355.0508,356.1034,357.145,358.1751,359.1935,400.0,80.0,5.0,360.0,SYNTHETIC_VALIDATION,SYNTHETIC_ONLY,SYNTHETIC_10HZ,1,0
14.0,357.6425,397.1937,0.44262,353.5873,80.9639,80.7872,102.8,30.4927,220.085,351.8748,352.9524,354.0205,355.0784,356.1256,357.1615,358.1858,359.1983,400.0,80.0,5.0,360.0,SYNTHETIC_VALIDATION,SYNTHETIC_ONLY,SYNTHETIC_10HZ,1,0
14.1,357.7346,397.0073,0.4416,353.6462,80.9459,80.7853,102.82,30.4936,220.0801,351.9147,352.9877,354.0508,355.1034,356.145,357.1751,358.1935,359.2,400.0,80.0,5.0,360.0,SYNTHETIC_VALIDATION,SYNTHETIC_ONLY,SYNTHETIC_10HZ,1,0
14.2,357.8224,396.8228,0.44054,353.7009,80.9283,80.7834,102.84,30.4943,220.0751,351.9524,353.0205,354.0784,355.1256,356.1615,357.1858,358.1983,359.1987,400.0,80.0,5.0,360.0,SYNTHETIC_VALIDATION,SYNTHETIC_ONLY,SYNTHETIC_10HZ,1,0
14.3,357.9057,396.6403,0.43942,353.7513,80.9109,80.7813,102.86,30.4951,220.0702,351.9877,353.0508,354.1034,355.145,356.1751,357.1935,358.2,359.1945,400.0,80.0,5.0,360.0,SYNTHETIC_VALIDATION,SYNTHETIC_ONLY,SYNTHETIC_10HZ,1,0
14.4,357.9842,396.4598,0.43825,353.7974,80.8939,80.7791,102.88,30.4957,220.0652,352.0205,353.0784,354.1256,355.1615,356.1858,357.1983,358.1987,359.1872,400.0,80.0,5.0,360.0,SYNTHETIC_VALIDATION,SYNTHETIC_ONLY,SYNTHETIC_10HZ,1,0
14.5,358.0577,396.2816,0.43704,353.839,80.8772,80.7767,102.9,30.4964,220.0603,352.0508,353.1034,354.145,355.1751,356.1935,357.2,358.1945,359.177,400.0,80.0,5.0,360.0,SYNTHETIC_VALIDATION,SYNTHETIC_ONLY,SYNTHETIC_10HZ,1,0
14.6,358.1261,396.1057,0.43578,353.876,80.8608,80.7743,102.92,30.4969,220.0553,352.0784,353.1256,354.1615,355.1858,356.1983,357.1987,358.1872,359.1639,400.0,80.0,5.0,360.0,SYNTHETIC_VALIDATION,SYNTHETIC_ONLY,SYNTHETIC_10HZ,1,0
14.7,358.1892,395.9322,0.43449,353.9083,80.8447,80.7717,102.94,30.4975,220.0503,352.1034,353.145,354.1751,355.1935,356.2,357.1945,358.177,359.1478,400.0,80.0,5.0,360.0,SYNTHETIC_VALIDATION,SYNTHETIC_ONLY,SYNTHETIC_10HZ,1,0
14.8,358.2468,395.7613,0.43316,353.9358,80.8289,80.769,102.96,30.4979,220.0453,352.1256,353.1615,354.1858,355.1983,356.1987,357.1872,358.1639,359.1289,400.0,80.0,5.0,360.0,SYNTHETIC_VALIDATION,SYNTHETIC_ONLY,SYNTHETIC_10HZ,1,0
14.9,358.2988,395.593,0.43179,353.9585,80.8134,80.7662,102.98,30.4984,220.0404,352.145,353.1751,354.1935,355.2,356.1945,357.177,358.1478,359.1071,400.0,80.0,5.0,360.0,SYNTHETIC_VALIDATION,SYNTHETIC_ONLY,SYNTHETIC_10HZ,1,0
15.0,358.345,395.4275,0.4304,353.9763,80.7983,80.7633,103.0,30.4987,220.0354,352.1615,353.1858,354.1983,355.1987,356.1872,357.1639,358.1289,359.0826,400.0,80.0,5.0,360.0,SYNTHETIC_VALIDATION,SYNTHETIC_ONLY,SYNTHETIC_10HZ,1,0
15.1,358.3854,395.2648,0.42898,353.9892,80.7835,80.7602,103.02,30.4991,220.0304,352.1751,353.1935,354.2,355.1945,356.177,357.1478,358.1071,359.0554,400.0,80.0,5.0,360.0,SYNTHETIC_VALIDATION,SYNTHETIC_ONLY,SYNTHETIC_10HZ,1,0
15.2,358.4198,395.1051,0.42754,353.9971,80.769,80.757,103.04,30.4994,220.0254,352.1858,353.1983,354.1987,355.1872,356.1639,357.1289,358.0826,359.0255,400.0,80.0,5.0,360.0,SYNTHETIC_VALIDATION,SYNTHETIC_ONLY,SYNTHETIC_10HZ,1,0
15.3,358.4482,394.9485,0.42608,354.0,80.7549,80.7537,103.06,30.4996,220.0204,352.1935,353.2,354.1945,355.177,356.1478,357.1071,358.0554,358.9931,400.0,80.0,5.0,360.0,SYNTHETIC_VALIDATION,SYNTHETIC_ONLY,SYNTHETIC_10HZ,1,0
15.4,358.4704,394.795,0.4246,353.9979,80.7412,80.7503,103.08,30.4998,220.0154,352.1983,353.1987,354.1872,355.1639,356.1289,357.0826,358.0255,358.9582,400.0,80.0,5.0,360.0,SYNTHETIC_VALIDATION,SYNTHETIC_ONLY,SYNTHETIC_10HZ,1,0
15.5,358.4865,394.6448,0.42311,353.9908,80.7277,80.7468,103.1,30.4999,220.0104,352.2,353.1945,354.177,355.1478,356.1071,357.0554,357.9931,358.9209,400.0,80.0,5.0,360.0,SYNTHETIC_VALIDATION,SYNTHETIC_ONLY,SYNTHETIC_10HZ,1,0
15.6,358.4964,394.4979,0.42162,353.9787,80.7147,80.7432,103.12,30.5,220.0054,352.1987,353.1872,354.1639,355.1289,356.0826,357.0255,357.9582,358.8813,400.0,80.0,5.0,360.0,SYNTHETIC_VALIDATION,SYNTHETIC_ONLY,SYNTHETIC_10HZ,1,0
15.7,358.5,394.3544,0.42012,353.9617,80.702,80.7394,103.14,30.5,220.0004,352.1945,353.177,354.1478,355.1071,356.0554,356.9931,357.9209,358.8395,400.0,80.0,5.0,360.0,SYNTHETIC_VALIDATION,SYNTHETIC_ONLY,SYNTHETIC_10HZ,1,0
15.8,358.4974,394.2145,0.41862,353.9398,80.6896,80.7355,103.16,30.5,219.9954,352.1872,353.1639,354.1289,355.0826,356.0255,356.9582,357.8813,358.7956,400.0,80.0,5.0,360.0,SYNTHETIC_VALIDATION,SYNTHETIC_ONLY,SYNTHETIC_10HZ,1,0
15.9,358.4885,394.0782,0.41712,353.913,80.6776,80.7315,103.18,30.4999,219.9904,352.177,353.1478,354.1071,355.0554,355.9931,356.9209,357.8395,358.7497,400.0,80.0,5.0,360.0,SYNTHETIC_VALIDATION,SYNTHETIC_ONLY,SYNTHETIC_10HZ,1,0
16.0,358.4734,393.9456,0.41563,353.8815,80.666,80.7274,103.2,30.4998,219.9854,352.1639,353.1289,354.0826,355.0255,355.9582,356.8813,357.7956,358.7019,400.0,80.0,5.0,360.0,SYNTHETIC_VALIDATION,SYNTHETIC_ONLY,SYNTHETIC_10HZ,1,0
16.1,358.4521,393.8168,0.41416,353.8452,80.6548,80.7232,103.22,30.4996,219.9804,352.1478,353.1071,354.0554,354.9931,355.9209,356.8395,357.7497,358.6524,400.0,80.0,5.0,360.0,SYNTHETIC_VALIDATION,SYNTHETIC_ONLY,SYNTHETIC_10HZ,1,0
16.2,358.4247,393.6918,0.41269,353.8043,80.6439,80.7189,103.24,30.4994,219.9754,352.1289,353.0826,354.0255,354.9582,355.8813,356.7956,357.7019,358.6012,400.0,80.0,5.0,360.0,SYNTHETIC_VALIDATION,SYNTHETIC_ONLY,SYNTHETIC_10HZ,1,0
16.3,358.3913,393.5708,0.41125,353.759,80.6334,80.7144,103.26,30.4991,219.9704,352.1071,353.0554,353.9931,354.9209,355.8395,356.7497,357.6524,358.5486,400.0,80.0,5.0,360.0,SYNTHETIC_VALIDATION,SYNTHETIC_ONLY,SYNTHETIC_10HZ,1,0
16.4,358.3518,393.4538,0.40983,353.7092,80.6233,80.7099,103.28,30.4988,219.9654,352.0826,353.0255,353.9582,354.8813,355.7956,356.7019,357.6012,358.4945,400.0,80.0,5.0,360.0,SYNTHETIC_VALIDATION,SYNTHETIC_ONLY,SYNTHETIC_10HZ,1,0
16.5,358.3065,393.3409,0.40843,353.6552,80.6135,80.7052,103.3,30.4984,219.9604,352.0554,352.9931,353.9209,354.8395,355.7497,356.6524,357.5486,358.4393,400.0,80.0,5.0,360.0,SYNTHETIC_VALIDATION,SYNTHETIC_ONLY,SYNTHETIC_10HZ,1,0
16.6,358.2554,393.2321,0.40706,353.597,80.6042,80.7004,103.32,30.498,219.9555,352.0255,352.9582,353.8813,354.7956,355.7019,356.6012,357.4945,358.3829,400.0,80.0,5.0,360.0,SYNTHETIC_VALIDATION,SYNTHETIC_ONLY,SYNTHETIC_10HZ,1,0
16.7,358.1987,393.1276,0.40572,353.5348,80.5952,80.6956,103.34,30.4975,219.9505,351.9931,352.9209,353.8395,354.7497,355.6524,356.5486,357.4393,358.3256,400.0,80.0,5.0,360.0,SYNTHETIC_VALIDATION,SYNTHETIC_ONLY,SYNTHETIC_10HZ,1,0
16.8,358.1365,393.0274,0.40442,353.4688,80.5867,80.6906,103.36,30.497,219.9455,351.9582,352.8813,353.7956,354.7019,355.6012,356.4945,357.3829,358.2675,400.0,80.0,5.0,360.0,SYNTHETIC_VALIDATION,SYNTHETIC_ONLY,SYNTHETIC_10HZ,1,0
16.9,358.0689,392.9315,0.40316,353.3991,80.5785,80.6855,103.38,30.4965,219.9405,351.9209,352.8395,353.7497,354.6524,355.5486,356.4393,357.3256,358.2087,400.0,80.0,5.0,360.0,SYNTHETIC_VALIDATION,SYNTHETIC_ONLY,SYNTHETIC_10HZ,1,0
17.0,357.9962,392.8401,0.40194,353.3259,80.5707,80.6803,103.4,30.4958,219.9356,351.8813,352.7956,353.7019,354.6012,355.4945,356.3829,357.2675,358.1493,400.0,80.0,5.0,360.0,SYNTHETIC_VALIDATION,SYNTHETIC_ONLY,SYNTHETIC_10HZ,1,0
17.1,357.9185,392.7531,0.40076,353.2494,80.5633,80.6749,103.42,30.4952,219.9306,351.8395,352.7497,353.6524,354.5486,355.4393,356.3256,357.2087,358.0896,400.0,80.0,5.0,360.0,SYNTHETIC_VALIDATION,SYNTHETIC_ONLY,SYNTHETIC_10HZ,1,0
17.2,357.836,392.6707,0.39964,353.1698,80.5563,80.6695,103.44,30.4944,219.9257,351.7956,352.7019,353.6012,354.4945,355.3829,356.2675,357.1493,358.0297,400.0,80.0,5.0,360.0,SYNTHETIC_VALIDATION,SYNTHETIC_ONLY,SYNTHETIC_10HZ,1,0
17.3,357.7489,392.5928,0.39856,353.0873,80.5497,80.664,103.46,30.4937,219.9207,351.7497,352.6524,353.5486,354.4393,355.3256,356.2087,357.0896,357.9697,400.0,80.0,5.0,360.0,SYNTHETIC_VALIDATION,SYNTHETIC_ONLY,SYNTHETIC_10HZ,1,0
17.4,357.6574,392.5196,0.39754,353.002,80.5436,80.6584,103.48,30.4929,219.9158,351.7019,352.6012,353.4945,354.3829,355.2675,356.1493,357.0297,357.9098,400.0,80.0,5.0,360.0,SYNTHETIC_VALIDATION,SYNTHETIC_ONLY,SYNTHETIC_10HZ,1,0
17.5,357.5618,392.451,0.39657,352.9143,80.5378,80.6526,103.5,30.492,219.9109,351.6524,352.5486,353.4393,354.3256,355.2087,356.0896,356.9697,357.8501,400.0,80.0,5.0,360.0,SYNTHETIC_VALIDATION,SYNTHETIC_ONLY,SYNTHETIC_10HZ,1,0
17.6,357.4623,392.3872,0.39567,352.8242,80.5324,80.6468,103.52,30.4911,219.906,351.6012,352.4945,353.3829,354.2675,355.1493,356.0297,356.9098,357.7908,400.0,80.0,5.0,360.0,SYNTHETIC_VALIDATION,SYNTHETIC_ONLY,SYNTHETIC_10HZ,1,0
17.7,357.3591,392.3281,0.39482,352.7321,80.5274,80.6409,103.54,30.4901,219.9011,351.5486,352.4393,353.3256,354.2087,355.0896,355.9697,356.8501,357.732,400.0,80.0,5.0,360.0,SYNTHETIC_VALIDATION,SYNTHETIC_ONLY,SYNTHETIC_10HZ,1,0
17.8,357.2526,392.2738,0.39404,352.6382,80.5229,80.6348,103.56,30.4891,219.8962,351.4945,352.3829,353.2675,354.1493,355.0297,355.9098,356.7908,357.6739,400.0,80.0,5.0,360.0,SYNTHETIC_VALIDATION,SYNTHETIC_ONLY,SYNTHETIC_10HZ,1,0
17.9,357.1429,392.2244,0.39332,352.5427,80.5187,80.6287,103.58,30.488,219.8913,351.4393,352.3256,353.2087,354.0896,354.9697,355.8501,356.732,357.6166,400.0,80.0,5.0,360.0,SYNTHETIC_VALIDATION,SYNTHETIC_ONLY,SYNTHETIC_10HZ,1,0
18.0,357.0303,392.1798,0.39267,352.4458,80.515,80.6225,103.6,30.4869,219.8864,351.3829,352.2675,353.1493,354.0297,354.9098,355.7908,356.6739,357.5602,400.0,80.0,5.0,360.0,SYNTHETIC_VALIDATION,SYNTHETIC_ONLY,SYNTHETIC_10HZ,1,0
18.1,356.9152,392.14,0.39208,352.3478,80.5117,80.6161,103.62,30.4858,219.8815,351.3256,352.2087,353.0896,353.9697,354.8501,355.732,356.6166,357.505,400.0,80.0,5.0,360.0,SYNTHETIC_VALIDATION,SYNTHETIC_ONLY,SYNTHETIC_10HZ,1,0
18.2,356.7977,392.1052,0.39157,352.2489,80.5088,80.6097,103.64,30.4846,219.8767,351.2675,352.1493,353.0297,353.9098,354.7908,355.6739,356.5602,357.451,400.0,80.0,5.0,360.0,SYNTHETIC_VALIDATION,SYNTHETIC_ONLY,SYNTHETIC_10HZ,1,0
18.3,356.6783,392.0754,0.39113,352.1494,80.5063,80.6032,103.66,30.4833,219.8718,351.2087,352.0896,352.9697,353.8501,354.732,355.6166,356.505,357.3983,400.0,80.0,5.0,360.0,SYNTHETIC_VALIDATION,SYNTHETIC_ONLY,SYNTHETIC_10HZ,1,0
18.4,356.5572,392.0505,0.39075,352.0496,80.5042,80.5966,103.68,30.482,219.867,351.1493,352.0297,352.9098,353.7908,354.6739,355.5602,356.451,357.3472,400.0,80.0,5.0,360.0,SYNTHETIC_VALIDATION,SYNTHETIC_ONLY,SYNTHETIC_10HZ,1,0
18.5,356.4347,392.0305,0.39046,351.9496,80.5025,80.5899,103.7,30.4806,219.8622,351.0896,351.9697,352.8501,353.732,354.6166,355.505,356.3983,357.2977,400.0,80.0,5.0,360.0,SYNTHETIC_VALIDATION,SYNTHETIC_ONLY,SYNTHETIC_10HZ,1,0
18.6,356.3111,392.0156,0.39023,351.8497,80.5013,80.5831,103.72,30.4792,219.8574,351.0297,351.9098,352.7908,353.6739,354.5602,355.451,356.3472,357.2499,400.0,80.0,5.0,360.0,SYNTHETIC_VALIDATION,SYNTHETIC_ONLY,SYNTHETIC_10HZ,1,0
18.7,356.1868,392.0056,0.39008,351.7502,80.5005,80.5762,103.74,30.4778,219.8526,350.9697,351.8501,352.732,353.6166,354.505,355.3983,356.2977,357.204,400.0,80.0,5.0,360.0,SYNTHETIC_VALIDATION,SYNTHETIC_ONLY,SYNTHETIC_10HZ,1,0
18.8,356.0619,392.0006,0.39001,351.6513,80.5001,80.5692,103.76,30.4763,219.8478,350.9098,351.7908,352.6739,353.5602,354.451,355.3472,356.2499,357.1602,400.0,80.0,5.0,360.0,SYNTHETIC_VALIDATION,SYNTHETIC_ONLY,SYNTHETIC_10HZ,1,0
18.9,355.937,392.0006,0.39001,351.5534,80.5001,80.5621,103.78,30.4747,219.8431,350.8501,351.732,352.6166,353.505,354.3983,355.2977,356.204,357.1184,400.0,80.0,5.0,360.0,SYNTHETIC_VALIDATION,SYNTHETIC_ONLY,SYNTHETIC_10HZ,1,0
19.0,355.8121,392.0057,0.39008,351.4565,80.5005,80.5549,103.8,30.4732,219.8384,350.7908,351.6739,352.5602,353.451,354.3472,355.2499,356.1602,357.0788,400.0,80.0,5.0,360.0,SYNTHETIC_VALIDATION,SYNTHETIC_ONLY,SYNTHETIC_10HZ,1,0
19.1,355.6878,392.0157,0.39023,351.361,80.5013,80.5477,103.82,30.4715,219.8336,350.732,351.6166,352.505,353.3983,354.2977,355.204,356.1184,357.0415,400.0,80.0,5.0,360.0,SYNTHETIC_VALIDATION,SYNTHETIC_ONLY,SYNTHETIC_10HZ,1,0
19.2,355.5642,392.0307,0.39046,351.267,80.5026,80.5404,103.84,30.4698,219.8289,350.6739,351.5602,352.451,353.3472,354.2499,355.1602,356.0788,357.0066,400.0,80.0,5.0,360.0,SYNTHETIC_VALIDATION,SYNTHETIC_ONLY,SYNTHETIC_10HZ,1,0
19.3,355.4417,392.0507,0.39076,351.175,80.5042,80.533,103.86,30.4681,219.8242,350.6166,351.505,352.3983,353.2977,354.204,355.1184,356.0415,356.9742,400.0,80.0,5.0,360.0,SYNTHETIC_VALIDATION,SYNTHETIC_ONLY,SYNTHETIC_10HZ,1,0
19.4,355.3206,392.0756,0.39113,351.0849,80.5063,80.5255,103.88,30.4663,219.8196,350.5602,351.451,352.3472,353.2499,354.1602,355.0788,356.0066,356.9444,400.0,80.0,5.0,360.0,SYNTHETIC_VALIDATION,SYNTHETIC_ONLY,SYNTHETIC_10HZ,1,0
19.5,355.2012,392.1055,0.39157,350.9972,80.5088,80.5179,103.9,30.4645,219.8149,350.505,351.3983,352.2977,353.204,354.1184,355.0415,355.9742,356.9172,400.0,80.0,5.0,360.0,SYNTHETIC_VALIDATION,SYNTHETIC_ONLY,SYNTHETIC_10HZ,1,0
19.6,355.0838,392.1404,0.39209,350.912,80.5117,80.5102,103.92,30.4626,219.8103,350.451,351.3472,352.2499,353.1602,354.0788,355.0066,355.9444,356.8927,400.0,80.0,5.0,360.0,SYNTHETIC_VALIDATION,SYNTHETIC_ONLY,SYNTHETIC_10HZ,1,0
19.7,354.9687,392.1801,0.39267,350.8294,80.515,80.5025,103.94,30.4607,219.8057,350.3983,351.2977,352.204,353.1184,354.0415,354.9742,355.9172,356.8709,400.0,80.0,5.0,360.0,SYNTHETIC_VALIDATION,SYNTHETIC_ONLY,SYNTHETIC_10HZ,1,0
19.8,354.8562,392.2248,0.39332,350.7499,80.5188,80.4946,103.96,30.4587,219.8011,350.3472,351.2499,352.1602,353.0788,354.0066,354.9444,355.8927,356.852,400.0,80.0,5.0,360.0,SYNTHETIC_VALIDATION,SYNTHETIC_ONLY,SYNTHETIC_10HZ,1,0
19.9,354.7465,392.2743,0.39404,350.6734,80.5229,80.4868,103.98,30.4567,219.7965,350.2977,351.204,352.1184,353.0415,353.9742,354.9172,355.8709,356.836,400.0,80.0,5.0,360.0,SYNTHETIC_VALIDATION,SYNTHETIC_ONLY,SYNTHETIC_10HZ,1,0
20.0,354.6399,392.3286,0.39483,350.6003,80.5275,80.4788,104.0,30.4546,219.7919,350.2499,351.1602,352.0788,353.0066,353.9444,354.8927,355.852,356.8229,400.0,80.0,5.0,360.0,SYNTHETIC_VALIDATION,SYNTHETIC_ONLY,SYNTHETIC_10HZ,1,0
20.1,354.5368,392.3877,0.39568,350.5306,80.5325,80.4707,104.02,30.4525,219.7874,350.204,351.1184,352.0415,352.9742,353.9172,354.8709,355.836,356.8127,400.0,80.0,5.0,360.0,SYNTHETIC_VALIDATION,SYNTHETIC_ONLY,SYNTHETIC_10HZ,1,0
20.2,354.4373,392.4516,0.39658,350.4646,80.5378,80.4626,104.04,30.4504,219.7829,350.1602,351.0788,352.0066,352.9444,353.8927,354.852,355.8229,356.8055,400.0,80.0,5.0,360.0,SYNTHETIC_VALIDATION,SYNTHETIC_ONLY,SYNTHETIC_10HZ,1,0
20.3,354.3417,392.5202,0.39755,350.4025,80.5436,80.4544,104.06,30.4482,219.7784,350.1184,351.0415,351.9742,352.9172,353.8709,354.836,355.8127,356.8012,400.0,80.0,5.0,360.0,SYNTHETIC_VALIDATION,SYNTHETIC_ONLY,SYNTHETIC_10HZ,1,0
20.4,354.2503,392.5935,0.39857,350.3443,80.5498,80.4461,104.08,30.446,219.7739,350.0788,351.0066,351.9444,352.8927,353.852,354.8229,355.8055,356.8,400.0,80.0,5.0,360.0,SYNTHETIC_VALIDATION,SYNTHETIC_ONLY,SYNTHETIC_10HZ,1,0
20.5,354.1633,392.6714,0.39965,350.2903,80.5564,80.4378,104.1,30.4437,219.7695,350.0415,350.9742,351.9172,352.8709,353.836,354.8127,355.8012,356.8018,400.0,80.0,5.0,360.0,SYNTHETIC_VALIDATION,SYNTHETIC_ONLY,SYNTHETIC_10HZ,1,0
20.6,354.0808,392.7539,0.40078,350.2406,80.5634,80.4294,104.12,30.4414,219.765,350.0066,350.9444,351.8927,352.852,353.8229,354.8055,355.8,356.8065,400.0,80.0,5.0,360.0,SYNTHETIC_VALIDATION,SYNTHETIC_ONLY,SYNTHETIC_10HZ,1,0
20.7,354.0031,392.8409,0.40195,350.1953,80.5708,80.4209,104.14,30.439,219.7606,349.9742,350.9172,351.8709,352.836,353.8127,354.8012,355.8018,356.8143,400.0,80.0,5.0,360.0,SYNTHETIC_VALIDATION,SYNTHETIC_ONLY,SYNTHETIC_10HZ,1,0
20.8,353.9304,392.9324,0.40317,350.1544,80.5786,80.4124,104.16,30.4366,219.7563,349.9444,350.8927,351.852,352.8229,353.8055,354.8,355.8065,356.825,400.0,80.0,5.0,360.0,SYNTHETIC_VALIDATION,SYNTHETIC_ONLY,SYNTHETIC_10HZ,1,0
20.9,353.8629,393.0283,0.40443,350.1182,80.5867,80.4038,104.18,30.4341,219.7519,349.9172,350.8709,351.836,352.8127,353.8012,354.8018,355.8143,356.8386,400.0,80.0,5.0,360.0,SYNTHETIC_VALIDATION,SYNTHETIC_ONLY,SYNTHETIC_10HZ,1,0
21.0,353.8008,393.1285,0.40573,350.0867,80.5953,80.3951,104.2,30.4316,219.7476,349.8927,350.852,351.8229,352.8055,353.8,354.8065,355.825,356.8552,400.0,80.0,5.0,360.0,SYNTHETIC_VALIDATION,SYNTHETIC_ONLY,SYNTHETIC_10HZ,1,0
21.1,353.7441,393.2331,0.40707,350.06,80.6043,80.3864,104.22,30.4291,219.7433,349.8709,350.836,351.8127,352.8012,353.8018,354.8143,355.8386,356.8746,400.0,80.0,5.0,360.0,SYNTHETIC_VALIDATION,SYNTHETIC_ONLY,SYNTHETIC_10HZ,1,0
21.2,353.6931,393.3419,0.40844,350.0381,80.6136,80.3776,104.24,30.4265,219.739,349.852,350.8229,351.8055,352.8,353.8065,354.825,355.8552,356.8968,400.0,80.0,5.0,360.0,SYNTHETIC_VALIDATION,SYNTHETIC_ONLY,SYNTHETIC_10HZ,1,0
21.3,353.6478,393.4548,0.40984,350.0212,80.6234,80.3688,104.26,30.4238,219.7347,349.836,350.8127,351.8012,352.8018,353.8143,354.8386,355.8746,356.9218,400.0,80.0,5.0,360.0,SYNTHETIC_VALIDATION,SYNTHETIC_ONLY,SYNTHETIC_10HZ,1,0
21.4,353.6084,393.5718,0.41126,350.0091,80.6335,80.3599,104.28,30.4212,219.7305,349.8229,350.8055,351.8,352.8065,353.825,354.8552,355.8968,356.9495,400.0,80.0,5.0,360.0,SYNTHETIC_VALIDATION,SYNTHETIC_ONLY,SYNTHETIC_10HZ,1,0
21.5,353.575,393.6929,0.41271,350.0021,80.644,80.3509,104.3,30.4184,219.7263,349.8127,350.8012,351.8018,352.8143,353.8386,354.8746,355.9218,356.9798,400.0,80.0,5.0,360.0,SYNTHETIC_VALIDATION,SYNTHETIC_ONLY,SYNTHETIC_10HZ,1,0
21.6,353.5477,393.8179,0.41417,350.0,80.6549,80.3419,104.32,30.4157,219.7222,349.8055,350.8,351.8065,352.825,353.8552,354.8968,355.9495,357.0126,400.0,80.0,5.0,360.0,SYNTHETIC_VALIDATION,SYNTHETIC_ONLY,SYNTHETIC_10HZ,1,0
21.7,353.5264,393.9467,0.41565,350.003,80.6661,80.3328,104.34,30.4129,219.718,349.8012,350.8018,351.8143,352.8386,353.8746,354.9218,355.9798,357.0479,400.0,80.0,5.0,360.0,SYNTHETIC_VALIDATION,SYNTHETIC_ONLY,SYNTHETIC_10HZ,1,0
21.8,353.5114,394.0794,0.41714,350.0109,80.6777,80.3237,104.36,30.4101,219.7139,349.8,350.8065,351.825,352.8552,353.8968,354.9495,356.0126,357.0856,400.0,80.0,5.0,360.0,SYNTHETIC_VALIDATION,SYNTHETIC_ONLY,SYNTHETIC_10HZ,1,0
21.9,353.5026,394.2157,0.41863,350.0238,80.6897,80.3145,104.38,30.4072,219.7098,349.8018,350.8143,351.8386,352.8746,353.9218,354.9798,356.0479,357.1256,400.0,80.0,5.0,360.0,SYNTHETIC_VALIDATION,SYNTHETIC_ONLY,SYNTHETIC_10HZ,1,0
22.0,353.5,394.3557,0.42013,350.0416,80.7021,80.3053,104.4,30.4042,219.7057,349.8065,350.825,351.8552,352.8968,353.9495,355.0126,356.0856,357.1678,400.0,80.0,5.0,360.0,SYNTHETIC_VALIDATION,SYNTHETIC_ONLY,SYNTHETIC_10HZ,1,0
22.1,353.5037,394.4992,0.42163,350.0644,80.7148,80.2961,104.42,30.4013,219.7017,349.8143,350.8386,351.8746,352.9218,353.9798,355.0479,356.1256,357.212,400.0,80.0,5.0,360.0,SYNTHETIC_VALIDATION,SYNTHETIC_ONLY,SYNTHETIC_10HZ,1,0
22.2,353.5136,394.6461,0.42313,350.092,80.7278,80.2867,104.44,30.3983,219.6977,349.825,350.8552,351.8968,352.9495,354.0126,355.0856,356.1678,357.2582,400.0,80.0,5.0,360.0,SYNTHETIC_VALIDATION,SYNTHETIC_ONLY,SYNTHETIC_10HZ,1,0
22.3,353.5297,394.7963,0.42461,350.1243,80.7413,80.2774,104.46,30.3952,219.6938,349.8386,350.8746,351.9218,352.9798,354.0479,355.1256,356.212,357.3063,400.0,80.0,5.0,360.0,SYNTHETIC_VALIDATION,SYNTHETIC_ONLY,SYNTHETIC_10HZ,1,0
22.4,353.5521,394.9499,0.42609,350.1613,80.755,80.268,104.48,30.3922,219.6898,349.8552,350.8968,351.9495,353.0126,354.0856,355.1678,356.2582,357.3561,400.0,80.0,5.0,360.0,SYNTHETIC_VALIDATION,SYNTHETIC_ONLY,SYNTHETIC_10HZ,1,0
22.5,353.5805,395.1065,0.42755,350.203,80.7692,80.2585,104.5,30.389,219.6859,349.8746,350.9218,351.9798,353.0479,354.1256,355.212,356.3063,357.4075,400.0,80.0,5.0,360.0,SYNTHETIC_VALIDATION,SYNTHETIC_ONLY,SYNTHETIC_10HZ,1,0
22.6,353.615,395.2663,0.42899,350.2491,80.7836,80.2491,104.52,30.3859,219.682,349.8968,350.9495,352.0126,353.0856,354.1678,355.2582,356.3561,357.4604,400.0,80.0,5.0,360.0,SYNTHETIC_VALIDATION,SYNTHETIC_ONLY,SYNTHETIC_10HZ,1,0
22.7,353.6554,395.429,0.43041,350.2996,80.7984,80.2395,104.54,30.3827,219.6782,349.9218,350.9798,352.0479,353.1256,354.212,355.3063,356.4075,357.5147,400.0,80.0,5.0,360.0,SYNTHETIC_VALIDATION,SYNTHETIC_ONLY,SYNTHETIC_10HZ,1,0
22.8,353.7017,395.5945,0.4318,350.3543,80.8135,80.23,104.56,30.3794,219.6744,349.9495,351.0126,352.0856,353.1678,354.2582,355.3561,356.4604,357.5701,400.0,80.0,5.0,360.0,SYNTHETIC_VALIDATION,SYNTHETIC_ONLY,SYNTHETIC_10HZ,1,0
22.9,353.7537,395.7628,0.43317,350.4132,80.829,80.2204,104.58,30.3762,219.6706,349.9798,351.0479,352.1256,353.212,354.3063,355.4075,356.5147,357.6267,400.0,80.0,5.0,360.0,SYNTHETIC_VALIDATION,SYNTHETIC_ONLY,SYNTHETIC_10HZ,1,0
23.0,353.8114,395.9338,0.4345,350.476,80.8448,80.2108,104.6,30.3729,219.6669,350.0126,351.0856,352.1678,353.2582,354.3561,355.4604,356.5701,357.6841,400.0,80.0,5.0,360.0,SYNTHETIC_VALIDATION,SYNTHETIC_ONLY,SYNTHETIC_10HZ,1,0
23.1,353.8745,396.1073,0.43579,350.5427,80.8609,80.2011,104.62,30.3695,219.6632,350.0479,351.1256,352.212,353.3063,354.4075,355.5147,356.6267,357.7424,400.0,80.0,5.0,360.0,SYNTHETIC_VALIDATION,SYNTHETIC_ONLY,SYNTHETIC_10HZ,1,0
23.2,353.9429,396.2832,0.43705,350.6129,80.8773,80.1914,104.64,30.3661,219.6595,350.0856,351.1678,352.2582,353.3561,354.4604,355.5701,356.6841,357.8013,400.0,80.0,5.0,360.0,SYNTHETIC_VALIDATION,SYNTHETIC_ONLY,SYNTHETIC_10HZ,1,0
23.3,354.0165,396.4614,0.43826,350.6867,80.8941,80.1817,104.66,30.3627,219.6558,350.1256,351.212,352.3063,353.4075,354.5147,355.6267,356.7424,357.8607,400.0,80.0,5.0,360.0,SYNTHETIC_VALIDATION,SYNTHETIC_ONLY,SYNTHETIC_10HZ,1,0
23.4,354.095,396.6419,0.43943,350.7637,80.9111,80.1719,104.68,30.3592,219.6522,350.1678,351.2582,352.3561,353.4604,354.5701,355.6841,356.8013,357.9204,400.0,80.0,5.0,360.0,SYNTHETIC_VALIDATION,SYNTHETIC_ONLY,SYNTHETIC_10HZ,1,0
23.5,354.1783,396.8244,0.44055,350.8438,80.9284,80.1621,104.7,30.3557,219.6486,350.212,351.3063,352.4075,353.5147,354.6267,355.7424,356.8607,357.9804,400.0,80.0,5.0,360.0,SYNTHETIC_VALIDATION,SYNTHETIC_ONLY,SYNTHETIC_10HZ,1,0
23.6,354.2662,397.009,0.44161,350.9269,80.9461,80.1523,104.72,30.3522,219.6451,350.2582,351.3561,352.4604,353.5701,354.6841,355.8013,356.9204,358.0403,400.0,80.0,5.0,360.0,SYNTHETIC_VALIDATION,SYNTHETIC_ONLY,SYNTHETIC_10HZ,1,0
23.7,354.3584,397.1954,0.44263,351.0125,80.964,80.1425,104.74,30.3486,219.6416,350.3063,351.4075,352.5147,353.6267,354.7424,355.8607,356.9804,358.1002,400.0,80.0,5.0,360.0,SYNTHETIC_VALIDATION,SYNTHETIC_ONLY,SYNTHETIC_10HZ,1,0
23.8,354.4547,397.3836,0.44358,351.1007,80.9822,80.1327,104.76,30.345,219.6381,350.3561,351.4604,352.5701,353.6841,354.8013,355.9204,357.0403,358.1599,400.0,80.0,5.0,360.0,SYNTHETIC_VALIDATION,SYNTHETIC_ONLY,SYNTHETIC_10HZ,1,0
23.9,354.5548,397.5734,0.44448,351.1911,81.0008,80.1228,104.78,30.3414,219.6347,350.4075,351.5147,352.6267,353.7424,354.8607,355.9804,357.1002,358.2191,400.0,80.0,5.0,360.0,SYNTHETIC_VALIDATION,SYNTHETIC_ONLY,SYNTHETIC_10HZ,1,0
